City_ID,City,Lat,Lng,Max Temp,Humidity,Cloudiness,Windspeed,Country,Date
0,north battleford,52.7834,-108.2847,58.41,71,40,13.8,CA,1689600192
1,adamstown,-25.066,-130.1015,71.56,64,100,13.27,PN,1689600026
2,saipan,15.1355,145.701,83.1,100,20,9.22,MP,1689600046
3,albany,42.6001,-73.9662,75.38,94,0,1.01,US,1689600045
4,tolanaro,-25.0319,46.9987,75.27,64,20,6.91,MG,1689600395
5,bad segeberg,53.9333,10.3167,65.86,66,92,16.44,DE,1689600396
6,olonkinbyen,70.9221,-8.7187,40.39,98,100,17.83,SJ,1689600114
7,port-aux-francais,-49.35,70.2167,37.49,97,100,36.71,TF,1689600041
8,yellowknife,62.456,-114.3525,63.12,67,100,10.36,CA,1689600136
9,blackmans bay,-43.0167,147.3167,52.52,71,100,8.66,AU,1689600043
10,puerto natales,-51.7236,-72.4875,36.05,69,40,12.66,CL,1689600048
11,edinburgh of the seven seas,-37.0676,-12.3116,55.35,67,11,15.03,SH,1689600038
12,nar'yan-mar,67.6713,53.087,71.01,47,100,12.1,RU,1689600182
13,rawson,-43.3002,-65.1023,34.93,48,0,8.34,AR,1689600400
14,waitangi,-43.9535,-176.5597,47.82,89,75,5.01,NZ,1689600048
15,sittwe,20.15,92.9,82.18,85,70,8.86,MM,1689600401
16,ushuaia,-54.8,-68.3,37.06,70,0,4.61,AR,1689600089
17,codajas,-3.8367,-62.0569,84.96,60,89,1.45,BR,1689600402
18,new norfolk,-42.7826,147.0587,53.71,68,57,7.56,AU,1689600158
19,papatowai,-46.5619,169.4708,50.81,86,100,21.94,NZ,1689600036
20,susuman,62.7833,148.1667,53.24,71,72,2.35,RU,1689600104
21,iranshahr,27.2025,60.6848,113.34,11,40,4.61,IR,1689600404
22,gisborne,-38.6533,178.0042,46.53,82,2,6.33,NZ,1689600405
23,hamilton,39.1834,-84.5333,75.6,87,0,8.05,US,1689599970
24,iqaluit,63.7506,-68.5145,41.7,93,100,11.5,CA,1689600106
25,joaquin v. gonzalez,-25.0833,-64.1833,55.06,62,99,5.44,AR,1689600407
26,jamestown,42.097,-79.2353,74.01,77,20,5.01,US,1689600198
27,bethel,41.3712,-73.414,80.55,84,0,0.0,US,1689600054
28,nolinsk,57.5596,49.9363,76.5,51,43,10.63,RU,1689600410
29,atenas,37.9795,23.7162,98.2,29,0,15.99,GR,1689600262
30,grytviken,-54.2811,-36.5092,21.97,88,100,4.34,GS,1689600042
31,isafjordur,66.0755,-23.124,42.84,93,100,6.91,IS,1689600218
32,makurdi,7.7411,8.5121,89.53,58,94,6.38,NG,1689600412
33,ust-nera,64.5667,143.2,51.51,59,7,5.82,RU,1689600161
34,utrik,11.2278,169.8474,82.96,77,53,12.95,MH,1689600223
35,college,64.8569,-147.8028,59.58,84,75,5.75,US,1689600121
36,minas de marcona,-15.2119,-75.1103,55.26,80,49,11.03,PE,1689600416
37,west island,-12.1568,96.8225,76.98,69,75,18.41,CC,1689600175
38,balcarce,-37.8462,-58.2552,40.82,87,4,3.0,AR,1689600417
39,namdrik,5.5994,168.1028,83.07,76,81,15.99,MH,1689600417
40,kodiak,57.79,-152.4072,53.11,82,100,11.5,US,1689600262
41,colonia,50.9333,6.95,77.41,44,0,13.8,DE,1689600145
42,katima mulilo,-17.5,24.2667,79.93,15,0,10.36,NA,1689600419
43,vernon,50.2581,-119.2691,70.41,45,8,2.3,CA,1689600015
44,aswan,24.0934,32.907,111.74,8,0,13.47,EG,1689600420
45,keflavik,64.0049,-22.5624,55.83,54,40,13.8,IS,1689600260
46,coahuayana de hidalgo,18.7,-103.6583,78.49,91,77,2.1,MX,1689600421
47,jiangzi,28.95,89.6333,51.4,63,73,6.22,CN,1689600422
48,tiksi,71.6872,128.8694,53.64,56,98,16.04,RU,1689600105
49,hermanus,-34.4187,19.2345,66.79,78,96,11.36,ZA,1689600160
50,lebu,-37.6167,-73.65,43.27,65,100,4.07,CL,1689600160
51,fomboni,-12.28,43.7425,78.04,75,30,17.85,KM,1689600425
52,greymouth,-42.4667,171.2,50.86,95,100,6.64,NZ,1689600316
53,coquimbo,-29.9533,-71.3436,46.13,100,100,5.75,CL,1689600125
54,ribeira grande,38.5167,-28.7,72.77,78,75,6.91,PT,1689600126
55,portales,34.1862,-103.3344,76.53,41,0,7.27,US,1689600428
56,ulladulla,-35.35,150.4667,53.82,76,0,6.82,AU,1689600429
57,avarua,-21.2078,-159.775,64.45,100,75,1.14,CK,1689600219
58,ancud,-41.8697,-73.8203,36.23,83,69,7.29,CL,1689600196
59,longyearbyen,78.2186,15.6401,48.04,53,0,20.71,SJ,1689600114
60,luohe,33.5717,114.0353,80.4,60,0,6.78,CN,1689600431
61,xinji,37.9028,115.2036,83.34,45,0,7.49,CN,1689600432
62,corn island,12.1694,-83.0418,81.28,84,100,18.81,NI,1689600142
63,weno,7.4515,151.8468,80.55,83,100,3.44,FM,1689600112
64,port alfred,-33.5906,26.891,70.18,62,55,5.99,ZA,1689600143
65,bredasdorp,-34.5322,20.0403,68.67,62,100,5.28,ZA,1689600177
66,hotan,37.0997,79.9269,100.89,9,89,8.37,CN,1689600435
67,hithadhoo,-0.6,73.0833,82.56,73,100,4.99,MV,1689600111
68,cabedelo,-6.9811,-34.8339,83.07,75,42,13.8,BR,1689600086
69,alofi,-19.0595,-169.9187,69.69,94,100,4.61,NU,1689600126
70,tazovsky,67.4667,78.7,69.46,52,75,15.82,RU,1689600049
71,ilulissat,69.2167,-51.1,44.62,87,75,3.44,GL,1689600365
72,ola,59.5833,151.2833,55.15,96,98,1.79,RU,1689600438
73,khovd,48.0056,91.6419,80.42,22,100,3.8,MN,1689600439
74,lupane,-18.9315,27.807,79.66,11,0,8.84,ZW,1689600439
75,carutapera,-1.195,-46.02,84.81,64,1,10.13,BR,1689600379
76,shahrak,34.1074,64.3052,80.83,14,0,21.79,AF,1689600440
77,eilat,29.5581,34.9482,111.04,8,0,11.5,IL,1689600430
78,constantia,44.1833,28.65,88.7,52,0,12.84,RO,1689599872
79,tura,25.5198,90.2201,76.33,95,28,2.37,IN,1689600287
80,port lincoln,-34.7333,135.8667,50.11,78,0,9.44,AU,1689600310
81,mehtar lam,34.6714,70.2094,101.43,20,0,9.57,AF,1689600443
82,invercargill,-46.4,168.35,50.83,89,100,20.04,NZ,1689600152
83,sainyabuli,19.25,101.75,76.23,87,100,3.09,LA,1689600444
84,el granada,37.5027,-122.4694,67.28,86,0,9.22,US,1689600445
85,port elizabeth,-33.918,25.5701,69.1,68,0,13.8,ZA,1689600037
86,sao martinho,39.5144,-9.1311,82.89,75,1,11.99,PT,1689600447
87,martapura,-3.4167,114.85,78.89,89,20,5.75,ID,1689600447
88,brassall,-27.5975,152.7475,60.58,58,75,5.75,AU,1689600448
89,hopelchen,19.7667,-89.85,79.05,83,35,4.43,MX,1689600448
90,kedrovka,55.5333,86.05,70.68,79,24,5.57,RU,1689600449
91,pisco,-13.7,-76.2167,66.25,72,100,8.05,PE,1689600449
92,georgetown,5.4112,100.3354,85.95,76,20,2.3,MY,1689599954
93,stanley,54.868,-1.6985,67.28,55,54,16.37,GB,1689599995
94,lepsy,46.235,78.9456,92.79,15,0,12.15,KZ,1689600451
95,morden,49.1919,-98.1014,58.86,72,97,8.05,CA,1689600451
96,nova olimpia,-14.7972,-57.2881,82.33,36,6,2.42,BR,1689600453
97,grabouw,-34.1515,19.0151,68.49,66,76,7.52,ZA,1689600453
98,aasiaat,68.7098,-52.8699,37.18,96,100,5.3,GL,1689600058
99,kuressaare,58.2481,22.5039,75.02,57,0,10.36,EE,1689600454
100,wailua homesteads,22.0669,-159.378,79.59,84,40,14.97,US,1689600051
101,el calafate,-50.3408,-72.2768,22.21,70,2,2.71,AR,1689600456
102,shenjiamen,29.9576,122.298,79.38,92,100,7.7,CN,1689600456
103,flin flon,54.7682,-101.865,58.84,72,20,3.44,CA,1689600457
104,alpine,32.835,-116.7664,74.08,75,0,0.0,US,1689600457
105,panama city beach,30.1766,-85.8055,82.06,85,0,3.44,US,1689600369
106,nuuk,64.1835,-51.7216,48.81,93,100,35.99,GL,1689599987
107,uturoa,-16.7333,-151.4333,77.58,69,6,10.63,PF,1689600459
108,beroroha,-21.6667,45.1667,87.15,23,0,3.42,MG,1689600459
109,balqash,46.8481,74.995,93.79,15,0,8.95,KZ,1689600460
110,fale old settlement,-9.3852,-171.2468,83.5,75,100,14.03,TK,1689600222
111,dudinka,69.4058,86.1778,51.62,78,99,12.15,RU,1689600247
112,jarwal,27.1667,81.55,91.85,58,100,5.03,IN,1689600462
113,funafuti,-8.5243,179.1942,84.2,79,75,4.61,TV,1689600462
114,kijang,35.2442,129.2139,78.53,95,100,4.61,KR,1689600463
115,tweed heads,-28.1817,153.547,61.21,94,100,5.75,AU,1689600463
116,east ballina,-28.8667,153.5833,56.8,84,79,3.8,AU,1689600464
117,ramachandrapuram,16.85,82.0167,84.61,80,100,13.76,IN,1689600464
118,kuala kedah,6.1,100.3,82.38,83,20,2.3,MY,1689600465
119,rosarito,32.3333,-117.0333,67.48,84,61,4.0,MX,1689600466
120,labrador city,52.9463,-66.9114,66.11,100,100,6.91,CA,1689600284
121,caerleon,51.6095,-2.9538,70.18,62,21,16.69,GB,1689600467
122,bilibino,68.0546,166.4372,65.73,52,100,2.17,RU,1689600467
123,suntar,62.1444,117.6319,60.12,98,100,3.06,RU,1689600468
124,york,40.1254,-77.0,79.81,72,0,0.0,US,1689600320
125,genhe,50.7833,121.5167,67.78,62,13,2.91,CN,1689600469
126,selfoss,63.9331,-20.9971,61.05,47,75,5.97,IS,1689600169
127,san rafael,-34.6177,-68.3301,35.8,62,100,3.69,AR,1689600235
128,plettenberg bay,-34.0527,23.3716,62.89,69,75,3.83,ZA,1689600470
129,egilsstadir,65.2653,-14.3948,53.51,58,75,14.97,IS,1689600471
130,mil'kovo,55.6078,37.7956,81.09,37,1,5.12,RU,1689600471
131,lompoc,34.6391,-120.4579,60.78,97,0,0.0,US,1689600472
132,sinabang,2.4803,96.3801,79.9,82,97,5.75,ID,1689600472
133,pechory,57.8164,27.6119,78.26,36,57,10.45,RU,1689600473
134,pitimbu,-7.4706,-34.8086,82.99,77,64,14.27,BR,1689600152
135,klyuchi,52.2667,79.1667,80.22,37,25,11.52,RU,1689600228
136,isangel,-19.55,169.2667,71.49,77,27,15.93,VU,1689600335
137,east london,-33.0153,27.9116,72.54,53,0,6.91,ZA,1689600090
138,preobrazheniye,42.9019,133.9064,61.2,97,64,6.4,RU,1689600475
139,sitka,57.0531,-135.33,55.29,88,100,4.61,US,1689599875
140,anna regina,7.2644,-58.5077,84.52,66,7,11.05,GY,1689600287
141,santiago de cao,-7.9589,-79.2392,71.73,83,100,2.3,PE,1689600477
142,dubbo,-32.25,148.6167,48.33,87,3,6.91,AU,1689600477
143,kyaukse,21.6,96.1333,89.37,54,19,3.33,MM,1689600478
144,whitehorse,60.7161,-135.0538,59.31,76,100,8.01,CA,1689599923
145,sargatskoye,55.6101,73.4972,78.98,45,50,5.7,RU,1689600479
146,prainha,-1.8,-53.48,84.99,59,83,5.95,BR,1689600480
147,ramshir,30.8946,49.4092,120.06,4,0,21.39,IR,1689600481
148,lerwick,60.1545,-1.1494,55.4,76,84,17.38,GB,1689600282
149,bayganin,48.6947,55.8742,74.66,41,83,17.36,KZ,1689600482
150,anadyr,64.75,177.4833,63.1,72,0,8.95,RU,1689600150
151,carqueiranne,43.0953,6.073,101.3,69,0,12.66,FR,1689600483
152,funtua,11.5233,7.3081,92.14,35,85,4.34,NG,1689600484
153,mtambile,-5.3833,39.7,79.11,72,4,18.95,TZ,1689600447
154,iskateley,67.6803,53.1512,70.84,47,100,12.21,RU,1689600216
155,cabo san lucas,22.8909,-109.9124,82.71,78,40,10.36,MX,1689600355
156,port-gentil,-0.7193,8.7815,80.56,65,20,11.5,GA,1689600487
157,motygino,58.1831,94.7592,64.71,61,58,4.59,RU,1689600487
158,wangdue phodrang,27.4862,89.8991,73.54,97,100,1.41,BT,1689600488
159,puerto ayora,-0.7393,-90.3518,76.55,97,35,3.0,EC,1689600053
160,tofol,5.3248,163.0078,82.71,78,100,13.06,FM,1689600489
161,xincheng,33.6333,115.1833,79.56,74,0,8.3,CN,1689600490
162,paraisopolis,-22.5542,-45.78,70.03,60,76,2.71,BR,1689600491
163,oranjemund,-28.55,16.4333,75.02,33,5,4.61,NA,1689600128
164,isla del bosque,22.7333,-105.85,80.46,87,18,2.26,MX,1689600494
165,charters towers,-20.1,146.2667,65.39,65,100,6.58,AU,1689600495
166,luderitz,-26.6481,15.1594,73.6,37,0,3.8,NA,1689600100
167,tingo maria,-9.2895,-76.0088,71.91,94,75,1.14,PE,1689600497
168,ouadda,8.0777,22.4007,88.83,48,87,4.56,CF,1689600503
169,moquegua,-17.1956,-70.9353,68.79,28,67,1.16,PE,1689600436
170,holualoa,19.6228,-155.9522,75.04,86,100,5.01,US,1689600504
171,ciudad lazaro cardenas,17.9583,-102.2,78.64,90,96,8.32,MX,1689600505
172,talcahuano,-36.7167,-73.1167,40.68,75,0,6.91,CL,1689600201
173,severobaykal'sk,55.65,109.3167,54.81,97,100,1.07,RU,1689600508
174,alice springs,-23.7,133.8833,49.55,66,6,0.0,AU,1689600210
175,hawaiian paradise park,19.5933,-154.9731,72.03,95,0,3.44,US,1689600058
176,vilyuchinsk,52.9306,158.4028,57.47,93,100,1.81,RU,1689600298
177,noumea,-22.2763,166.4572,70.0,99,74,13.2,NC,1689600269
178,rovaniemi,66.5,25.7167,67.41,59,75,19.57,FI,1689600510
179,balabac,7.9868,117.0645,81.54,80,61,2.68,PH,1689600511
180,tosya,41.0155,34.0401,77.81,32,0,8.21,TR,1689600513
181,san luis,-33.295,-66.3356,45.57,52,92,3.78,AR,1689600326
182,sao joao da barra,-21.6403,-41.0511,78.89,58,16,2.17,BR,1689600307
183,solnechnyy,50.7214,136.6319,61.54,95,8,2.86,RU,1689600515
184,kapa'a,22.0752,-159.319,80.92,81,40,14.97,US,1689600036
185,thompson,55.7435,-97.8558,59.16,82,75,6.91,CA,1689600047
186,bei'an,24.5399,109.533,78.91,79,100,13.76,CN,1689600516
187,olinda,-8.0089,-34.8553,82.13,69,75,12.66,BR,1689600517
188,atbara,17.7022,33.9864,109.45,11,73,5.7,SD,1689600518
189,lazaro cardenas,17.9583,-102.2,78.64,90,96,8.32,MX,1689600402
190,olyokminsk,60.3736,120.4264,71.96,66,7,3.67,RU,1689600052
191,jokioinen,60.8016,23.48,71.33,65,98,13.78,FI,1689600520
192,nkhotakota,-12.9274,34.2961,77.14,40,10,10.02,MW,1689600520
193,port mathurin,-19.6833,63.4167,74.01,77,78,29.71,MU,1689600207
194,dzerzhinskoye,56.8344,95.2283,61.65,94,15,1.99,RU,1689600522
195,lejanias,3.5251,-74.0216,72.54,89,93,1.03,CO,1689600522
196,upington,-28.4478,21.2561,82.78,15,0,11.5,ZA,1689600321
197,petropavlovsk-kamchatsky,53.0452,158.6483,55.99,94,75,4.47,RU,1689600064
198,barra de santo antonio,-9.4047,-35.5072,78.08,82,39,12.75,BR,1689600186
199,saldanha,-33.0117,17.9442,68.05,81,11,6.24,ZA,1689600214
200,lobez,53.6392,15.6213,78.69,41,75,13.24,PL,1689600527
201,ocean shores,46.9737,-124.1563,60.94,95,100,11.5,US,1689600528
202,natal,-5.795,-35.2094,83.05,69,75,13.8,BR,1689600234
203,pudozh,61.8099,36.5345,78.26,39,100,8.32,RU,1689600529
204,guerrero negro,27.9769,-114.0611,67.06,88,100,8.08,MX,1689600153
205,qaqortoq,60.7167,-46.0333,48.83,87,100,0.81,GL,1689600190
206,orchard homes,46.8633,-114.0484,63.32,63,0,3.0,US,1689600531
207,richards bay,-28.783,32.0377,78.1,42,0,8.5,ZA,1689600325
208,udachny,66.4167,112.4,48.45,100,100,5.44,RU,1689600267
209,waingapu,-9.6567,120.2641,73.38,81,7,9.78,ID,1689600343
210,warwick,41.7001,-71.4162,80.02,88,40,4.61,US,1689600533
211,afaahiti,-17.75,-149.2833,67.87,68,75,7.9,PF,1689600132
212,itaberaba,-12.5275,-40.3069,75.36,64,92,4.59,BR,1689600534
213,dzilam gonzalez,21.2833,-88.9333,79.63,86,37,4.81,MX,1689600535
214,revelstoke,50.9832,-118.2023,69.82,56,100,17.27,CA,1689600445
215,nantucket,41.2835,-70.0995,77.14,92,100,5.75,US,1689600344
216,bam,29.106,58.357,104.38,6,0,15.64,IR,1689600537
217,antsiranana,-12.2787,49.2917,81.36,57,40,13.8,MG,1689600102
218,bonthe,7.5264,-12.505,81.75,76,100,9.42,SL,1689600158
219,canals,38.9625,-0.5844,84.88,40,0,10.42,ES,1689600538
220,codrington,-38.2667,141.9667,41.94,89,0,10.47,AU,1689600225
221,bad birnbach,48.4449,13.091,85.12,44,3,6.78,DE,1689600540
222,mount gambier,-37.8333,140.7667,42.35,89,0,7.45,AU,1689600360
223,arraial do cabo,-22.9661,-42.0278,73.26,78,40,9.22,BR,1689600173
224,new ulm,44.3125,-94.4605,59.56,83,0,9.22,US,1689600542
225,bridgewater,44.3835,-64.5155,73.67,95,100,14.97,CA,1689600543
226,salinopolis,-0.6136,-47.3561,84.0,69,34,12.8,BR,1689600543
227,kingston,17.997,-76.7936,86.23,71,20,9.22,JM,1689600261
228,pacific grove,36.6177,-121.9166,59.02,87,0,0.0,US,1689600199
229,raduzhny,62.0961,77.475,73.51,45,99,5.64,RU,1689600545
230,kailua-kona,19.6406,-155.9956,78.76,87,100,5.01,US,1689600055
231,bangar,16.8936,120.4243,80.22,86,99,6.58,PH,1689600546
232,choyr,46.3611,108.3611,77.83,33,0,4.97,MN,1689600547
233,guayaramerin,-10.8368,-65.3614,78.85,83,20,2.3,BO,1689600547
234,kinablangan,7.6947,126.5503,79.11,84,100,4.81,PH,1689600548
235,faya-largeau,17.9257,19.1043,112.89,11,0,6.91,TD,1689600337
236,paka,4.6374,103.4368,82.33,94,100,0.0,MY,1689600549
237,canutama,-6.5339,-64.3831,81.64,69,91,0.98,BR,1689600550
238,tabou,4.423,-7.3528,78.84,84,82,12.03,CI,1689600550
239,happy valley-goose bay,53.3168,-60.3315,70.11,88,100,6.91,CA,1689600105
240,kota bharu,6.1333,102.2386,84.15,83,20,0.0,MY,1689600551
241,guaruja,-23.9931,-46.2564,74.89,26,75,2.3,BR,1689600552
242,pucheng,27.9233,118.5333,77.65,91,86,0.51,CN,1689600552
243,la ronge,55.1001,-105.2842,53.85,87,0,2.3,CA,1689600211
244,svetlyy,54.675,20.1347,80.65,39,82,13.67,RU,1689600553
245,enewetak,11.3474,162.3373,82.96,80,20,15.73,MH,1689600196
246,punta arenas,-53.15,-70.9167,37.51,81,75,13.8,CL,1689600139
247,kalanwali,29.85,74.95,98.33,42,62,4.27,IN,1689600556
248,torghay,49.6339,63.4981,85.19,25,100,18.3,KZ,1689600556
249,yreka,41.7354,-122.6345,63.37,59,0,8.05,US,1689600557
250,ad-damazin,11.7891,34.3592,90.61,44,16,6.93,SD,1689600557
251,fukuecho,32.6881,128.8419,81.0,84,100,12.84,JP,1689600558
252,korsakov,46.6328,142.7813,55.24,90,94,3.44,RU,1689600558
253,kapuskasing,49.4169,-82.4331,57.2,94,100,5.75,CA,1689600127
254,yomju-up,39.8933,124.5981,70.02,89,0,1.79,KP,1689600560
255,lihue,21.9789,-159.3672,80.19,80,40,14.97,US,1689600235
256,ngambe,4.2333,10.6167,80.38,81,50,2.51,CM,1689600561
257,orangeburg,33.4918,-80.8557,81.82,85,0,1.01,US,1689600561
258,carnarvon,-24.8667,113.6333,64.58,52,0,9.75,AU,1689600110
259,dryden,49.7833,-92.7503,53.89,94,100,6.91,CA,1689600356
260,nanfeng,23.7434,111.7959,78.64,91,100,14.92,CN,1689600563
261,pyt-yakh,60.7499,72.8582,74.75,44,89,5.23,RU,1689600563
262,kharupatia,26.5167,92.1333,76.55,93,83,8.99,IN,1689600564
263,kaa-khem,51.6833,94.7333,68.23,55,8,5.91,RU,1689600565
264,sandnessjoen,66.0217,12.6316,61.32,88,75,18.41,NO,1689600565
265,cole harbour,44.6724,-63.4751,77.94,95,75,11.5,CA,1689600566
266,miquelon,47.0975,-56.3814,62.6,98,100,6.78,PM,1689600566
267,haiku-pauwela,20.9219,-156.3051,75.04,81,100,13.8,US,1689600567
268,chernyshevsk,52.5243,117.0174,78.19,37,71,7.56,RU,1689600567
269,templin,53.1186,13.5022,81.18,41,100,11.63,DE,1689600568
270,whakatane,-37.9585,176.9854,49.77,99,0,5.75,NZ,1689600568
271,arkhangel'sk,64.5401,40.5433,80.96,32,96,5.82,RU,1689600556
272,thinadhoo,0.5333,72.9333,83.62,74,12,8.55,MV,1689600089
273,tsiombe,-25.3,45.4833,76.77,49,1,10.47,MG,1689600363
274,el salto,20.3333,-104.5,63.34,90,8,1.95,MX,1689600571
275,margaret river,-33.95,115.0667,59.76,85,100,13.51,AU,1689600122
276,igarka,67.4667,86.5833,62.65,69,44,11.43,RU,1689600572
277,sao felix do xingu,-6.6447,-51.995,87.78,38,63,3.27,BR,1689600573
278,pau brasil,-15.4642,-39.6511,77.81,67,55,1.23,BR,1689600573
279,shakhtinsk,49.71,72.5872,89.62,23,57,12.41,KZ,1689600574
280,ghanzi,-21.5667,21.7833,74.44,15,0,13.56,BW,1689600045
281,roma,43.2128,-75.4557,77.95,76,75,4.61,US,1689600429
282,yashkino,55.8736,85.4265,68.45,74,54,2.84,RU,1689600575
283,badger,64.8,-147.5333,59.5,87,75,5.75,US,1689600154
284,springbok,-29.6643,17.8865,73.58,17,4,11.5,ZA,1689600576
285,novaya igirma,57.1334,103.9112,64.45,73,95,5.32,RU,1689600577
286,ruza,55.699,36.1952,81.37,35,27,4.88,RU,1689600578
287,nelson bay,-32.7167,152.15,57.99,98,3,1.01,AU,1689600578
288,mugia,43.1041,-9.2179,79.92,67,0,20.09,ES,1689600579
289,fort bragg,35.139,-79.006,79.83,80,0,3.44,US,1689600124
290,klaksvik,62.2266,-6.589,49.12,86,100,24.14,FO,1689600580
291,taupo,-38.6833,176.0833,47.52,79,64,10.07,NZ,1689600170
292,remire-montjoly,4.9167,-52.2667,78.84,89,40,3.44,GF,1689600017
293,sisimiut,66.9395,-53.6735,44.42,99,100,3.15,GL,1689600581
294,sarykemer,43.0,71.5,98.08,14,8,10.36,KZ,1689600582
295,togur,58.3631,82.8265,71.42,58,22,3.65,RU,1689600582
296,magadan,59.5667,150.8,54.54,96,73,2.06,RU,1689600220
297,stabat,3.761,98.4513,84.4,87,95,0.72,ID,1689600583
298,maceio,-9.6658,-35.7353,78.24,88,75,10.36,BR,1689600584
299,fernandina beach,30.6697,-81.4626,84.18,92,88,5.99,US,1689600584
300,nova sintra,14.8667,-24.7167,73.09,79,22,15.86,CV,1689600186
301,kasulu,-4.5767,30.1025,83.43,23,64,6.46,TZ,1689600585
302,fauske,67.2588,15.3918,62.94,72,69,4.54,NO,1689600586
303,puerto maldonado,-12.6,-69.1833,79.2,83,20,0.0,PE,1689600586
304,shahin dezh,36.6793,46.5669,89.22,23,3,14.29,IR,1689600587
305,sinop,41.7711,34.8709,73.83,41,0,8.48,TR,1689600587
306,gaiman,-43.2897,-65.4929,33.04,48,0,7.14,AR,1689600588
307,kone,-21.0595,164.8658,65.32,82,67,5.35,NC,1689600187
308,inarajan village,13.2736,144.7484,83.37,91,100,13.71,GU,1689600589
309,amga,60.8953,131.9608,53.67,81,94,4.29,RU,1689600106
310,dampit,-8.2116,112.7493,68.58,94,82,5.03,ID,1689600590
311,san antonio de pale,-1.4014,5.6325,74.08,81,100,10.42,GQ,1689600163
312,mineiros,-17.5694,-52.5511,78.76,36,0,2.95,BR,1689600591
313,nombre de dios,23.85,-104.2333,62.15,44,51,4.97,MX,1689600592
314,imbituba,-28.24,-48.6703,61.86,84,100,5.99,BR,1689600592
315,sarkikaraagac,38.0794,31.3664,81.93,24,0,11.63,TR,1689600593
316,hatillo,18.4863,-66.8254,86.99,90,57,5.01,PR,1689600593
317,tangalle,6.024,80.7911,86.16,84,99,14.03,LK,1689600594
318,shimanovsk,52.0,127.7,70.34,50,58,3.96,RU,1689600594
319,puerto aysen,-45.4,-72.7,26.64,86,0,0.0,CL,1689600595
320,itoman,26.1247,127.6694,84.22,89,40,20.71,JP,1689600596
321,namibe,-15.1961,12.1522,75.83,78,0,11.5,AO,1689600337
322,diu,20.7141,70.9822,84.58,75,60,16.24,IN,1689600301
323,vila velha,-20.3297,-40.2925,80.55,70,0,6.91,BR,1689600549
324,vila franca do campo,37.7167,-25.4333,70.21,70,73,3.04,PT,1689600598
325,qamdo,31.1667,97.2333,47.16,72,100,4.41,CN,1689600599
326,villaflores,41.084,-5.2344,87.71,12,0,2.57,ES,1689600599
327,levuka,50.1834,-105.4011,49.82,93,100,5.75,CA,1689600600
328,falmouth,50.1544,-5.0711,66.65,75,40,14.97,GB,1689600600
329,mogadishu,2.0371,45.3438,82.27,78,20,14.97,SO,1689600552
330,puerto baquerizo moreno,-0.9,-89.6,76.39,84,25,11.21,EC,1689600156
331,nemuro,43.3236,145.575,57.88,95,100,6.91,JP,1689600123
332,sombrio,-29.1139,-49.6167,54.93,73,68,7.56,BR,1689600603
333,kamaishi,39.2667,141.8833,75.16,89,38,6.2,JP,1689600605
334,ad dilam,23.9915,47.1627,115.21,4,48,4.18,SA,1689600606
335,st. john's,47.5649,-52.7093,78.28,77,75,17.27,CA,1689599967
336,revda,56.801,59.9303,65.7,93,100,7.9,RU,1689600607
337,pundong,-7.9522,110.3486,73.83,86,41,9.08,ID,1689600608
338,severo-yeniseyskiy,60.3725,93.0408,60.51,53,0,5.19,RU,1689600359
339,twon-brass,4.3151,6.2418,83.32,72,100,10.45,NG,1689600609
340,wenchang,30.904,118.4887,77.59,95,10,3.33,CN,1689600610
341,malango,-2.9627,119.9001,69.6,78,100,2.62,ID,1689600611
342,camana,-16.6228,-72.7111,63.88,81,64,8.7,PE,1689600341
343,soto la marina,23.7667,-98.2167,85.12,61,24,7.25,MX,1689600612
344,sanctuary point,-35.1114,150.629,58.32,87,2,6.58,AU,1689600613
345,kalifornsky,60.4183,-151.29,55.74,98,100,11.5,US,1689600613
346,pedernales,18.0384,-71.744,86.36,63,62,2.62,DO,1689600614
347,hami,42.8,93.45,103.59,8,65,13.67,CN,1689599944
348,verkhnevilyuysk,63.4453,120.3167,55.2,92,100,6.29,RU,1689600615
349,nadi,-17.8,177.4167,73.4,78,40,5.75,FJ,1689600290
350,tynda,55.1667,124.7167,65.48,74,18,3.56,RU,1689600616
351,pires do rio,-17.2997,-48.2794,81.63,38,29,9.55,BR,1689600617
352,chilchota,19.85,-102.1333,65.39,61,14,2.82,MX,1689600617
353,sheridan,44.8333,-106.9173,69.31,77,0,0.0,US,1689600618
354,mar del plata,-38.0023,-57.5575,46.09,82,75,9.22,AR,1689600619
355,tamandare,-8.7597,-35.1047,80.08,70,19,9.44,BR,1689600620
356,sao vicente,-23.9631,-46.3919,75.27,51,75,2.3,BR,1689600326
357,ust-tsilma,65.441,52.1498,78.55,37,100,5.68,RU,1689600621
358,vega de alatorre,20.0333,-96.6333,83.1,65,42,3.51,MX,1689600622
359,mochudi,-24.4167,26.15,76.05,16,0,4.34,BW,1689600623
360,chonchi,-42.6128,-73.8092,30.11,88,60,0.36,CL,1689600143
361,menongue,-14.6585,17.691,79.54,13,4,6.17,AO,1689600625
362,dunedin,-45.8742,170.5036,48.0,76,100,5.79,NZ,1689600626
363,belyy yar,53.6039,91.3903,71.49,64,0,2.24,RU,1689600627
364,tucurui,-3.7661,-49.6725,89.94,48,43,4.76,BR,1689600627
365,villa gesell,-37.2639,-56.973,40.05,77,19,16.2,AR,1689600216
366,naze,28.3667,129.4833,81.52,81,80,12.55,JP,1689600628
367,rio grande,-32.035,-52.0986,48.31,63,3,9.86,BR,1689600629
368,byron bay,-28.65,153.6167,56.71,87,83,2.28,AU,1689600195
369,ortona,42.3496,14.4039,101.39,50,0,8.14,IT,1689600634
370,holly hill,29.2436,-81.0376,86.02,86,40,9.22,US,1689600635
371,mbala,-8.8402,31.3659,75.34,26,3,7.31,ZM,1689600641
372,lorengau,-2.0226,147.2712,81.68,78,30,8.57,PG,1689600642
373,mawlamyine,16.4914,97.6256,80.13,86,94,14.85,MM,1689600644
374,opuwo,-18.0607,13.84,79.86,15,0,13.0,NA,1689600647
375,al hudaydah,14.7978,42.9545,96.46,44,15,16.26,YE,1689600649
376,hadibu,12.65,54.0333,81.73,64,3,22.55,YE,1689600137
377,viana,-20.3903,-40.4961,80.37,40,4,4.72,BR,1689600653
378,ujae,8.9322,165.7642,83.05,74,55,14.81,MH,1689600654
379,arno,60.1167,18.6333,61.79,56,100,17.85,SE,1689600654
380,kuusamo,65.9667,29.1833,67.41,65,48,11.01,FI,1689600655
381,kattivakkam,13.2167,80.3167,95.09,77,99,5.03,IN,1689600655
382,aioun,16.6614,-9.6149,95.31,36,91,5.84,MR,1689600656
383,kavaratti,10.5669,72.642,82.8,78,81,18.95,IN,1689600336
384,novyy urgal,51.0736,132.5642,65.41,80,3,1.61,RU,1689600657
385,rongelap,11.1635,166.8941,82.51,80,20,13.69,MH,1689600658
386,kerikeri,-35.2268,173.9474,47.91,92,15,4.41,NZ,1689600146
387,amursk,50.2261,136.8994,61.34,97,13,2.44,RU,1689600659
388,malabar,-33.9667,151.25,56.17,88,0,8.05,AU,1689600660
389,bubaque,11.2833,-15.8333,79.18,85,100,14.03,GW,1689600295
390,hammerfest,70.6634,23.6821,66.65,59,40,14.97,NO,1689600277
391,chernyshevskiy,63.0128,112.4714,55.4,95,90,4.03,RU,1689600661
392,pangkalan brandan,4.0238,98.2782,78.93,86,35,1.5,ID,1689600663
393,wailea,19.8858,-155.123,72.3,92,0,3.44,US,1689600663
394,acarau,-2.8856,-40.12,84.96,57,3,16.46,BR,1689600183
395,cardigan,52.0847,-4.6591,65.89,79,5,16.26,GB,1689600665
396,port saint john's,-31.6229,29.5448,74.91,44,10,4.45,ZA,1689600179
397,castillos,-34.1667,-53.8333,49.48,60,7,12.35,UY,1689600666
398,flying fish cove,-10.4217,105.6791,76.68,83,75,13.8,CX,1689600320
399,dwarka,22.2394,68.9678,84.15,76,90,18.03,IN,1689600668
400,raja,8.4596,25.678,94.06,37,75,4.12,SS,1689600668
401,nova xavantina,-14.6667,-52.35,92.77,26,0,1.97,BR,1689600669
402,tadine,-21.55,167.8833,69.48,69,90,14.92,NC,1689600670
403,al jawf,29.5,38.75,103.95,8,0,10.56,SA,1689600670
404,caleta de carquin,-11.0925,-77.6267,67.75,78,92,8.9,PE,1689600671
405,hluti,-27.2167,31.6167,76.15,19,0,7.67,SZ,1689600672
406,chibougamau,49.9168,-74.3659,67.62,83,40,7.4,CA,1689600673
407,aral,40.5156,81.2636,98.06,12,99,3.96,CN,1689600673
408,ambositra,-20.5167,47.25,59.41,90,66,5.21,MG,1689600674
409,chai badan,15.2,101.1333,82.15,72,100,10.78,TH,1689600675
410,general conesa,-40.1,-64.4333,34.93,37,0,4.97,AR,1689600546
411,sterling,39.0062,-77.4286,82.24,73,20,5.01,US,1689600645
412,horta,38.5333,-28.6333,69.44,78,75,6.91,PT,1689600677
413,nampula,-15.1165,39.2666,76.95,53,75,12.66,MZ,1689600677
414,smithers,54.7804,-127.1743,52.12,100,100,0.0,CA,1689600332
415,danao,10.5208,124.0272,80.65,80,100,1.86,PH,1689600678
416,howrah,22.5892,88.3103,84.2,89,75,4.61,IN,1689600679
417,porto novo,6.4965,2.6036,85.82,67,79,12.24,BJ,1689600140
418,saint-joseph,-21.3667,55.6167,74.46,81,26,12.57,RE,1689600352
419,luanda,-8.8368,13.2343,77.0,69,14,10.36,AO,1689600405
420,xiuyan,40.2928,123.2744,69.06,89,0,1.88,CN,1689600683
421,zakamensk,50.3741,103.2863,57.18,98,58,3.74,RU,1689600684
422,sambava,-14.2667,50.1667,74.64,82,27,11.65,MG,1689600685
423,nema,57.5067,50.5011,73.13,59,96,6.55,RU,1689600687
424,santa ana,33.7456,-117.8678,77.07,87,0,6.91,US,1689600593
425,prado,-17.3411,-39.2208,80.08,62,15,5.86,BR,1689600688
426,nikolayevsk-on-amure,53.1406,140.73,61.5,79,41,2.06,RU,1689600689
427,sal rei,16.1833,-22.9167,82.6,57,75,16.11,CV,1689600690
428,alvorada,-12.48,-49.1247,88.5,28,37,11.25,BR,1689600691
429,sao paulo de olivenca,-3.3783,-68.8725,76.24,91,95,2.51,BR,1689600162
430,illizi,26.4833,8.4667,105.6,7,22,12.68,DZ,1689600694
431,kasane,-17.8167,25.15,77.09,22,0,13.8,BW,1689600694
432,shingu,33.7333,135.9833,77.79,88,0,5.97,JP,1689600317
433,nova vicosa,-17.8919,-39.3719,78.87,67,2,5.1,BR,1689600351
434,tucuma,-0.1833,-50.05,86.72,60,13,6.64,BR,1689600667
435,oral,51.2333,51.3667,73.38,60,75,11.18,KZ,1689600683
436,salinas,36.6777,-121.6555,61.0,91,100,0.0,US,1689600668
437,saint-philippe,-21.3585,55.7679,74.79,85,42,13.18,RE,1689600283
438,macas,-2.3167,-78.1167,67.75,100,100,4.61,EC,1689600698
439,morondava,-20.2833,44.2833,76.69,65,0,17.6,MG,1689600699
440,wakkanai,45.4094,141.6739,58.08,97,100,4.0,JP,1689600699
441,vorgashor,67.5833,63.95,63.46,66,29,12.68,RU,1689600148
442,riviere-du-loup,47.8304,-69.5342,73.67,83,82,5.75,CA,1689600644
443,nagqu,31.5,92.0,45.37,65,3,6.42,CN,1689600701
444,korla,41.7597,86.1469,98.78,12,45,5.7,CN,1689600702
445,lata,40.1629,-8.3327,81.07,16,0,7.29,PT,1689600370
446,kuanda,56.3161,116.0806,66.85,82,100,0.58,RU,1689600703
447,rincon de la victoria,36.7172,-4.2758,94.35,61,0,5.99,ES,1689600703
448,pastavy,55.1168,26.8326,82.18,36,99,6.62,BY,1689600704
449,correntina,-13.3433,-44.6367,86.25,32,17,6.44,BR,1689600704
450,abatskoye,56.2875,70.4555,74.75,58,97,8.93,RU,1689600705
451,juan griego,11.0817,-63.9655,82.53,94,32,12.66,VE,1689600706
452,esteli,13.0919,-86.3538,73.15,87,38,6.85,NI,1689600510
453,kalmunai,7.4167,81.8167,87.01,67,100,2.57,LK,1689600375
454,vizinga,61.0749,50.1031,81.14,35,40,2.19,RU,1689600708
455,jianshui,23.6363,102.8264,67.86,80,22,2.84,CN,1689600708
456,baoro,5.6667,15.9667,85.6,55,46,4.72,CF,1689600709
457,saint-pierre,-21.3393,55.4781,75.56,69,100,18.41,RE,1689600709
458,atafu village,-8.5421,-172.5159,83.91,75,100,12.95,TK,1689600710
459,bangor,54.6534,-5.669,64.09,60,75,8.05,GB,1689600710
460,yorkton,51.2167,-102.4677,49.84,93,0,2.3,CA,1689600711
461,yelizovo,53.1873,158.3805,57.34,93,75,4.47,RU,1689600712
462,callao,-12.0667,-77.15,70.09,68,100,8.05,PE,1689599928
463,tutoia,-2.7619,-42.2744,84.25,59,0,8.55,BR,1689600487
464,mili,6.0815,171.735,82.62,74,98,8.05,MH,1689600271
465,gaigeturi,33.4644,126.3183,78.85,94,100,3.44,KR,1689600714
466,nsanje,-16.92,35.262,82.29,25,0,9.19,MW,1689600721
467,manggar,-2.8833,108.2667,81.54,75,57,13.44,ID,1689600722
468,vilyuysk,63.7553,121.6247,67.89,46,100,14.94,RU,1689600723
469,qina,26.1642,32.7267,110.08,6,0,15.52,EG,1689600723
470,belle plaine,44.6227,-93.7686,62.98,82,0,11.65,US,1689600724
471,vadso,70.0744,29.7487,72.48,56,40,8.05,NO,1689600725
472,pierre,44.3683,-100.351,63.28,88,0,3.44,US,1689600725
473,sao gabriel da cachoeira,-0.1303,-67.0892,76.32,92,100,2.01,BR,1689600194
474,acajutla,13.5928,-89.8275,83.73,65,100,4.88,SV,1689600726
475,kruisfontein,-34.0033,24.7314,65.88,63,21,8.19,ZA,1689600727
476,urumqi,43.801,87.6005,83.35,26,0,6.71,CN,1689600474
477,bathsheba,13.2167,-59.5167,84.81,84,40,16.11,BB,1689600728
478,illapel,-31.6308,-71.1653,62.76,31,100,0.92,CL,1689600729
479,la sarre,48.8002,-79.1996,64.2,77,100,9.1,CA,1689600729
480,sibut,5.718,19.0739,88.68,55,29,1.68,CF,1689600730
481,touros,-5.1989,-35.4608,85.37,53,2,16.42,BR,1689600730
482,recani,31.2846,-4.2688,102.87,4,48,6.29,MA,1689600731
483,ochakiv,46.6128,31.5498,78.76,57,0,14.03,UA,1689600731
484,es castell,39.8795,4.2854,92.08,52,0,6.91,ES,1689600732
485,chapadinha,-3.7417,-43.3603,89.76,37,0,6.89,BR,1689600733
486,okha,53.5739,142.9478,56.66,94,5,7.29,RU,1689600733
487,beau vallon,-20.4189,57.6953,74.21,78,75,6.91,MU,1689600734
488,ratnagiri,16.9833,73.3,79.97,87,100,14.54,IN,1689600735
489,mocimboa,-11.3167,40.35,78.76,64,1,15.99,MZ,1689600735
490,mount darwin,-16.7725,31.5838,74.41,21,0,8.52,ZW,1689600736
491,ta`u,-14.2336,-169.5144,80.33,79,27,12.57,AS,1689600209
492,bondo,3.8146,23.6866,88.23,45,98,0.4,CD,1689600737
493,poyang,28.9924,116.6675,79.65,92,17,6.73,CN,1689600738
494,bayanhongor,46.7167,100.1167,56.43,60,38,4.81,MN,1689600738
495,jinxiang,27.4327,120.6062,81.0,89,100,3.65,CN,1689600739
496,labuan,5.2767,115.2417,80.96,88,20,0.0,MY,1689600739
497,angra do heroismo,38.65,-27.2167,72.21,79,75,1.99,PT,1689600476
498,hilo,19.7297,-155.09,72.25,92,0,3.44,US,1689600734
499,hailar,49.2,119.7,69.67,69,60,8.57,CN,1689600741
500,port-vila,-17.7338,168.3219,71.2,88,75,12.66,VU,1689600166
501,boise,43.6135,-116.2035,77.77,44,0,6.91,US,1689600742
502,rabaul,-4.1967,152.1721,79.45,86,100,8.12,PG,1689600743
503,plastun,44.7561,136.2939,59.74,97,96,0.45,RU,1689600744
504,karatuzskoye,53.6072,92.8667,60.08,89,6,4.27,RU,1689600744
505,floro,61.5996,5.0328,55.47,94,75,12.66,NO,1689600745
506,bedford,52.1346,-0.4663,73.24,46,60,15.5,GB,1689600746
507,eden,36.4885,-79.7667,77.25,78,0,0.0,US,1689600746
508,panacan,9.2463,118.4082,81.41,81,100,5.01,PH,1689600747
509,marka,1.7159,44.7717,78.78,76,14,22.28,SO,1689600748
510,qa'en,33.7265,59.1844,91.29,13,0,19.73,IR,1689600749
511,kristiansund,63.1115,7.732,60.85,82,75,11.5,NO,1689600749
512,horki,54.2861,30.9842,78.46,68,66,8.72,BY,1689600750
513,sullivan,36.5168,-82.5332,73.94,83,100,1.99,US,1689600750
514,afif,23.9065,42.9172,106.75,5,65,10.83,SA,1689600751
515,aykhal,66.0,111.5,46.22,98,100,8.9,RU,1689600752
516,kavieng,-2.5744,150.7967,81.64,81,100,4.74,PG,1689600183
517,san patricio,28.017,-97.5169,85.87,86,27,7.34,US,1689600358
518,berezovyy,51.6667,135.7,64.17,86,0,3.47,RU,1689600753
519,cidreira,-30.1811,-50.2056,53.53,71,0,12.06,BR,1689600232
520,stjordalshalsen,63.4681,10.9262,64.85,77,75,11.5,NO,1689600754
521,adamovka,51.5223,59.9396,69.37,62,85,11.05,RU,1689600755
522,mariehamn,60.0973,19.9348,62.46,88,75,16.11,AX,1689600599
523,yuzhno-kurilsk,44.0306,145.8556,54.84,95,100,4.41,RU,1689600756
524,disina,11.4814,9.919,101.68,22,7,6.04,NG,1689600757
525,bourbon-lancy,46.6221,3.7695,79.95,37,11,6.6,FR,1689600757
526,tukrah,32.5341,20.5791,86.97,54,0,14.92,LY,1689600758
527,hailey,43.5196,-114.3153,71.89,55,0,10.36,US,1689600758
528,ciudad madero,22.2667,-97.8333,85.05,89,0,0.0,MX,1689600759
529,island harbour,50.724,-1.2758,71.64,72,28,5.01,GB,1689600267
530,warud,21.4667,78.2667,80.44,83,100,9.82,IN,1689600760
531,okhotsk,59.3833,143.3,54.36,95,47,5.01,RU,1689600760
532,peniche,39.3558,-9.3811,81.09,72,0,13.91,PT,1689600761
533,duba,27.3513,35.6901,94.3,43,0,8.63,SA,1689600762
534,kongsvinger,60.1905,11.9977,64.45,90,100,13.11,NO,1689600762
535,pingliang,35.5392,106.6861,69.76,48,53,5.93,CN,1689600763
536,bowen,-20.0167,148.2333,67.59,81,8,14.81,AU,1689600763
537,atar,20.5169,-13.0499,100.42,22,100,7.07,MR,1689600191
538,talnakh,69.4865,88.3972,51.21,93,100,9.1,RU,1689600348
539,manakara,-22.1333,48.0167,72.07,80,90,6.02,MG,1689600766
540,kivsharivka,49.6213,37.7036,74.01,55,97,8.01,UA,1689600766
541,kurtamysh,54.9103,64.4319,76.06,57,46,5.48,RU,1689600767
542,puerto armuelles,8.2833,-82.8667,84.16,84,68,3.0,PA,1689600767
543,brandon,27.9378,-82.2859,89.1,84,0,5.75,US,1689600768
544,leava,-14.3,-178.1667,80.17,80,92,24.29,WF,1689600769
545,rawai,7.7797,98.3253,87.98,99,100,18.28,TH,1689600769
546,kanniyakumari,8.0833,77.5667,82.51,76,75,22.24,IN,1689600770
547,al burayqah,30.4062,19.5739,84.51,64,0,19.64,LY,1689600770
548,kushalnagar,12.458,75.959,69.75,89,98,6.67,IN,1689600771
549,kyaikkami,16.08,97.5675,79.95,87,100,16.75,MM,1689600771
550,bure,10.7,37.0667,66.65,86,45,3.56,ET,1689600772
551,port douglas,-16.4833,145.4667,69.67,83,28,9.78,AU,1689600772
552,kousseri,12.0769,15.0306,100.36,34,20,5.75,CM,1689600773
553,ambon,-3.6954,128.1814,83.23,100,40,6.91,ID,1689600268
554,kyzyl,51.7,94.45,65.66,55,7,4.92,RU,1689600774
555,isiro,2.7739,27.616,90.21,39,67,1.68,CD,1689600775
556,maitum,6.0392,124.4986,80.24,78,100,1.19,PH,1689600775
557,port macquarie,-31.4333,152.9167,52.9,92,36,3.85,AU,1689600776
558,maun,-19.9833,23.4167,77.59,14,0,12.17,BW,1689600357
559,wewak,-3.5534,143.6268,79.45,84,26,4.88,PG,1689600295
560,gwadar,25.1216,62.3254,83.28,81,17,13.85,PK,1689600777
561,sakaiminato,35.55,133.2333,80.58,83,75,2.3,JP,1689600299
562,zhangzhou,24.5133,117.6556,84.13,92,68,3.53,CN,1689600778
563,geraldton,-28.7667,114.6,48.61,93,0,3.44,AU,1689600779
564,bel ombre,-4.6167,55.4167,80.44,74,20,10.36,SC,1689600780
565,moravsky krumlov,49.0489,16.3117,87.98,46,0,9.22,CZ,1689600780
566,portland,45.5234,-122.6762,64.35,78,100,5.99,US,1689600080
567,praia,14.9215,-23.5087,84.74,61,20,23.02,CV,1689600781
568,glubokoye,50.1456,82.3114,78.55,41,4,8.95,KZ,1689600782
569,starobesheve,47.7504,38.0305,73.26,52,100,8.01,UA,1689600783
570,lawas,13.764,121.0566,80.98,83,100,1.77,PH,1689600784
571,massaguet,12.4755,15.4365,101.14,28,19,4.36,TD,1689600785
572,kapit,2.0167,112.9333,77.22,78,40,1.39,MY,1689600785
573,camayenne,9.535,-13.6878,80.69,89,75,11.5,GN,1689600786
574,miles city,46.4083,-105.8406,63.57,63,0,6.91,US,1689600343
575,kalianget,-7.05,113.9333,79.99,74,5,13.49,ID,1689600787
576,mendi,-6.1761,143.6513,54.25,96,70,1.7,PG,1689600788
577,zhangye,38.9342,100.4517,84.43,18,1,6.85,CN,1689600788
578,dali,25.7,100.1833,68.86,55,35,3.13,CN,1689600721
579,chardara,41.2547,67.9692,95.32,20,0,6.49,KZ,1689600789
580,santa cruz,-17.8,-63.1667,66.25,63,75,16.11,BO,1689600330
581,yangambi,0.8102,24.4336,88.3,46,98,0.85,CD,1689600790
582,jalai nur,49.45,117.7,69.37,53,53,2.46,CN,1689600791
583,arawa,-6.2132,155.5367,77.99,92,99,2.66,PG,1689600791
584,san juan de miraflores,-12.1629,-76.9635,68.52,82,78,5.41,PE,1689600792
585,la'ie,21.6477,-157.9253,80.56,79,40,5.01,US,1689600217
586,doctor mora,21.1417,-100.3125,57.51,86,87,5.46,MX,1689600793
587,puente alto,-33.6167,-70.5833,53.26,64,0,0.0,CL,1689600728
588,freetown,8.484,-13.2299,78.51,89,75,6.91,SL,1689600794
589,marica,-22.9194,-42.8186,73.35,69,81,6.67,BR,1689600795
590,port augusta,-32.5,137.7667,48.83,56,0,3.69,AU,1689600796
